ID,Product,Company,Price,Count,OutOfDate
1,Nut - Macadamia,Microsoft,$59.70,220,false
2,"Lobster - Baby, Boiled",Microsoft,$25.64,114,true
3,Dasheen,MKS,$15.94,109,true
4,Sauce - Balsamic Viniagrette,Nestle,$18.59,213,false
5,"Tortillas - Flour, 10",MKS,$18.33,122,true
6,Lobster - Tail 6 Oz,MKS,$94.31,65,false
7,"Mushroom - Trumpet, Dry",Craft Ltd,$40.37,163,true
8,Beef - Texas Style Burger,Craft Ltd,$61.71,99,true
9,Juice - Happy Planet,Microsoft,$51.44,116,true
10,Fenngreek Seed,MKS,$45.19,215,true
11,Foil Cont Round,MKS,$23.53,188,true
12,Versatainer Nc - 9388,Craft Ltd,$84.38,76,true
13,Snapple - Mango Maddness,MKS,$40.14,143,false
14,Oven Mitts - 15 Inch,Craft Ltd,$87.01,245,true
15,Passion Fruit,Nestle,$17.12,76,true
16,Kolrabi,Craft Ltd,$18.12,73,false
17,"Pasta - Tortellini, Fresh",Craft Ltd,$26.36,119,true
18,Muffin Batt - Choc Chk,Craft Ltd,$15.38,110,false
19,"Veal - Inside, Choice",Craft Ltd,$50.24,80,false
20,Puree - Blackcurrant,MKS,$38.82,154,false
21,Wine - Cotes Du Rhone Parallele,MKS,$86.33,234,false
22,Eel Fresh,Craft Ltd,$32.20,199,true
23,Spice - Paprika,Nestle,$33.65,59,false
24,Vaccum Bag 10x13,MKS,$57.37,237,false
25,Dried Figs,Nestle,$30.49,103,false
26,Mace,Nestle,$63.78,214,false
27,Ecolab - Lime - A - Way 4/4 L,Microsoft,$16.52,222,true
28,Pork - Ground,Craft Ltd,$58.07,102,false
29,"Cherries - Bing, Canned",Craft Ltd,$31.90,205,false
30,Food Colouring - Pink,Nestle,$14.88,70,true
31,"Vodka - Lemon, Absolut",Nestle,$92.23,83,true
32,Wine - Rubyport,Craft Ltd,$52.83,202,true
33,"Brocolinni - Gaylan, Chinese",Craft Ltd,$77.63,247,false
34,Pepper - Roasted Red,Microsoft,$23.24,154,true
35,Sour Puss Sour Apple,Nestle,$28.63,126,true
36,Wine - Cabernet Sauvignon,MKS,$12.06,121,true
37,Cheese - Sheep Milk,Nestle,$78.62,164,false
38,Garlic Powder,Craft Ltd,$71.68,220,false
39,Water - Green Tea Refresher,Nestle,$40.85,156,false
40,"Soup - Knorr, Chicken Noodle",Nestle,$10.25,207,true
41,Oil - Canola,Nestle,$23.60,52,false
42,Absolut Citron,MKS,$97.65,203,false
43,"Tart Shells - Sweet, 2",Nestle,$88.33,101,false
44,Juice - Prune,Microsoft,$29.18,185,true
45,Water - Perrier,Craft Ltd,$44.47,99,false
46,"Artichoke - Bottom, Canned",MKS,$16.69,117,false
47,Wine - Barossa Valley Estate,Craft Ltd,$51.28,197,false
48,Cookies - Amaretto,Craft Ltd,$45.96,227,false
49,Skirt - 24 Foot,Nestle,$41.57,108,true
50,Rice - Sushi,Craft Ltd,$63.22,120,true
51,Yoplait Drink,Nestle,$16.70,189,true
52,"Yogurt - Cherry, 175 Gr",Microsoft,$41.54,229,false
53,Halibut - Fletches,Microsoft,$43.40,174,false
54,Spinach - Packaged,Nestle,$23.01,138,false
55,Veal Inside - Provimi,MKS,$89.17,191,false
56,Crab Brie In Phyllo,Craft Ltd,$83.47,216,true
57,"Lemonade - Mandarin, 591 Ml",Microsoft,$83.59,191,false
58,Mcgillicuddy Vanilla Schnap,Microsoft,$69.51,86,true
59,Bread - Petit Baguette,Craft Ltd,$31.08,151,true
60,Chives - Fresh,MKS,$93.42,144,false
61,Shopper Bag - S - 4,Craft Ltd,$28.91,53,false
62,Sauce - Hollandaise,Nestle,$30.46,111,true
63,Cleaner - Lime Away,MKS,$96.53,64,true
64,"Bread - Pullman, Sliced",Microsoft,$30.17,62,true
65,Horseradish Root,MKS,$76.55,156,true
66,Cactus Pads,Microsoft,$54.29,219,true
67,Bread - Pain Au Liat X12,MKS,$30.70,118,true
68,Chinese Foods - Pepper Beef,MKS,$47.68,78,true
69,Chips - Miss Vickies,MKS,$66.70,59,true
70,Caviar - Salmon,Nestle,$95.82,80,false
71,Flour - Semolina,Craft Ltd,$45.86,228,true
72,Lychee - Canned,MKS,$31.48,54,false
73,Wine - Toasted Head,Microsoft,$79.26,249,true
74,Skirt - 29 Foot,Craft Ltd,$40.57,225,true
75,Beef - Striploin,Microsoft,$42.79,233,true
76,Beef - Rib Eye Aaa,Nestle,$59.01,240,false
77,Bar Energy Chocchip,Microsoft,$32.86,64,true
78,Flour Dark Rye,Craft Ltd,$91.89,68,true
79,"Turkey - Breast, Double",Microsoft,$41.17,71,false
80,Momiji Oroshi Chili Sauce,Nestle,$98.79,200,true
81,Wine - Ej Gallo Sonoma,Microsoft,$25.69,152,true
82,Lettuce - Arugula,Microsoft,$17.42,143,true
83,Soup - French Onion,MKS,$84.26,186,true
84,Sausage - Meat,MKS,$56.79,67,false
85,"Wine - Bourgogne 2002, La",Nestle,$86.44,233,true
86,Flour - Chickpea,Nestle,$17.35,163,false
87,Wine - Rioja Campo Viejo,Microsoft,$18.61,61,true
88,"Pepsi, 355 Ml",Craft Ltd,$49.49,124,false
89,Campari,Craft Ltd,$71.64,96,false
90,Broccoli - Fresh,Microsoft,$39.72,169,false
91,Potato - Sweet,MKS,$91.87,72,false
92,"Bread - Pita, Mini",Craft Ltd,$37.31,196,false
93,Cleaner - Lime Away,Nestle,$31.57,222,true
94,Pastry - Mini French Pastries,MKS,$67.54,160,true
95,Containter - 3oz Microwave Rect.,Nestle,$57.53,132,false
96,Bread - Rosemary Focaccia,Microsoft,$41.69,161,false
97,Liquid Aminios Acid - Braggs,MKS,$53.06,99,false
98,Spinach - Baby,Nestle,$44.56,190,false
99,Canadian Emmenthal,Nestle,$74.68,207,false
100,Bread - White Mini Epi,Craft Ltd,$89.76,240,false
101,"Juice - Pineapple, 341 Ml",Craft Ltd,$11.59,145,false
102,Pastry - Banana Tea Loaf,Microsoft,$99.71,113,true
103,Sobe - Liz Blizz,MKS,$60.12,63,true
104,Ocean Spray - Kiwi Strawberry,Craft Ltd,$42.21,250,true
105,Salmon - Fillets,Craft Ltd,$99.38,90,false
106,Coffee Swiss Choc Almond,MKS,$41.46,83,false
107,Pork - Shoulder,Craft Ltd,$15.85,241,false
108,Fruit Mix - Light,Nestle,$10.31,120,false
109,"Radish - Black, Winter, Organic",Craft Ltd,$97.15,82,true
110,Pepper - Red Bell,MKS,$93.79,225,false
111,Cheese - Augre Des Champs,Craft Ltd,$66.36,171,false
112,"Wine - White, Schroder And Schyl",MKS,$85.21,71,false
113,Cheese - Grie Des Champ,MKS,$59.89,189,false
114,Cabbage - Red,MKS,$83.68,156,true
115,Island Oasis - Strawberry,Microsoft,$11.21,231,true
116,Devonshire Cream,Craft Ltd,$94.15,191,false
117,Onions - Spanish,Craft Ltd,$87.70,192,false
118,"Doilies - 12, Paper",MKS,$96.87,221,true
119,"Lemonade - Mandarin, 591 Ml",MKS,$98.04,123,false
120,Cheese - Cambozola,Nestle,$41.32,96,false
121,Rabbit - Legs,Microsoft,$41.37,74,true
122,Garbage Bags - Clear,MKS,$22.81,92,true
123,Lamb - Shanks,Nestle,$40.45,100,true
124,Rosemary - Dry,MKS,$30.63,168,false
125,Cleaner - Bleach,Nestle,$69.36,187,true
126,"Cheese - Brie, Cups 125g",Nestle,$87.25,114,false
127,Steampan - Half Size Shallow,Craft Ltd,$36.14,137,true
128,The Pop Shoppe - Root Beer,MKS,$91.96,189,true
129,Muffin - Mix - Strawberry Rhubarb,Microsoft,$16.63,148,true
130,"Mushroom - Porcini, Dry",Craft Ltd,$50.63,156,true
131,Sausage - Breakfast,Microsoft,$83.24,250,false
132,Ginger - Crystalized,MKS,$60.93,214,false
133,Plate Pie Foil,Microsoft,$50.25,140,false
134,Wine - Barbera Alba Doc 2001,Craft Ltd,$41.50,174,true
135,Butter - Pod,Nestle,$30.85,200,false
136,"Lamb - Leg, Bone In",MKS,$55.38,149,true
137,Sauce - Sesame Thai Dressing,Nestle,$67.53,180,false
138,Wine - Ruffino Chianti,MKS,$37.12,165,false
139,Muffin Hinge - 211n,MKS,$32.26,234,true
140,Cake - Dulce De Leche,Craft Ltd,$83.07,66,false
141,Filo Dough,Craft Ltd,$13.84,249,true
142,Lettuce - Iceberg,Craft Ltd,$29.00,53,true
143,Potatoes - Idaho 100 Count,Craft Ltd,$85.76,55,true
144,"Mushroom - Enoki, Fresh",MKS,$61.55,209,true
145,Oil - Sunflower,MKS,$28.66,185,false
146,Nantucket Pine Orangebanana,Craft Ltd,$79.10,195,false
147,Wine - Pinot Noir Mondavi Coastal,MKS,$66.90,147,false
148,"Wine - White, Mosel Gold",Craft Ltd,$34.29,249,true
149,Beer - Blue Light,Microsoft,$47.14,51,false
150,Calaloo,Craft Ltd,$30.69,123,false
151,"Lamb - Shoulder, Boneless",Nestle,$92.28,57,true
152,Cinnamon Buns Sticky,Craft Ltd,$10.33,144,false
153,Muffin - Bran Ind Wrpd,Microsoft,$48.28,181,false
154,Chickhen - Chicken Phyllo,Nestle,$46.81,112,true
155,Wine - Chablis J Moreau Et Fils,Microsoft,$33.78,232,true
156,"7up Diet, 355 Ml",Nestle,$67.63,248,true
157,Onion Powder,MKS,$36.38,186,true
158,Lemon Tarts,Nestle,$78.27,236,true
159,Bread - Italian Sesame Poly,Craft Ltd,$68.11,217,false
160,Bread Roll Foccacia,Nestle,$30.05,90,true
161,Soho Lychee Liqueur,MKS,$86.14,204,false
162,Coffee - Irish Cream,Microsoft,$88.19,244,false
163,Tart - Raisin And Pecan,Nestle,$29.37,63,true
164,V8 Splash Strawberry Kiwi,Craft Ltd,$26.11,186,true
165,Ostrich - Fan Fillet,MKS,$92.53,239,false
166,"Cheese - Cheddar, Old White",Microsoft,$28.33,157,false
167,Cassis,Nestle,$16.41,172,true
168,Wine - Ruffino Chianti Classico,Microsoft,$14.24,149,true
169,Vinegar - Red Wine,MKS,$49.56,191,true
170,Wine - Touraine Azay - Le - Rideau,Craft Ltd,$21.08,53,false
171,Pineapple - Golden,MKS,$79.90,80,false
172,Pork - Smoked Back Bacon,Nestle,$79.07,86,false
173,Pears - Bartlett,MKS,$18.91,208,true
174,"Pineapple - Canned, Rings",Craft Ltd,$85.69,175,false
175,Sausage - Chorizo,Microsoft,$46.35,120,true
176,Sugar - Palm,Craft Ltd,$13.27,56,true
177,Table Cloth 62x114 White,Microsoft,$81.49,62,true
178,Noodles - Steamed Chow Mein,Microsoft,$84.84,198,true
179,Water - Green Tea Refresher,MKS,$20.50,74,true
180,"Bread - Roll, Canadian Dinner",Microsoft,$46.41,84,false
181,Paper Cocktail Umberlla 80 - 180,Craft Ltd,$73.85,97,false
182,"Fish - Scallops, Cold Smoked",Microsoft,$43.87,231,false
183,Petit Baguette,Nestle,$94.80,69,true
184,Soup - Cream Of Broccoli,Microsoft,$69.53,119,false
185,Cookie Dough - Double,MKS,$70.55,204,false
186,"Garlic - Primerba, Paste",Microsoft,$66.67,181,false
187,"Pork - Tenderloin, Fresh",Craft Ltd,$69.96,112,false
188,Cocktail Napkin Blue,MKS,$68.58,78,false
189,"Pasta - Fettuccine, Egg, Fresh",Microsoft,$84.55,181,true
190,Steampan - Foil,MKS,$33.70,116,true
191,Bread - Malt,Nestle,$49.31,71,true
192,Snapple - Iced Tea Peach,Craft Ltd,$61.41,132,false
193,Appetizer - Assorted Box,Nestle,$89.24,125,false
194,Beets,Nestle,$43.01,188,true
195,Raisin - Golden,Nestle,$97.15,80,false
196,"Rum - Coconut, Malibu",Microsoft,$61.57,226,false
197,Kellogs Cereal In A Cup,MKS,$47.93,187,true
198,"Water, Tap",Craft Ltd,$35.06,91,false
199,Nantucket Orange Juice,Craft Ltd,$24.77,220,false
200,Bandage - Finger Cots,Microsoft,$75.21,141,false
201,Tamarind Paste,MKS,$77.26,240,false
202,Cookies Cereal Nut,Microsoft,$98.80,87,false
203,Star Fruit,MKS,$61.89,94,true
204,"Beef - Kindney, Whole",MKS,$16.37,236,false
205,Wine - Tio Pepe Sherry Fino,Craft Ltd,$46.08,61,false
206,"Trout - Rainbow, Frozen",MKS,$16.54,120,true
207,Veal - Leg,Microsoft,$72.04,155,false
208,Vinegar - White Wine,Microsoft,$45.95,216,false
209,"Wine - Red, Lurton Merlot De",Craft Ltd,$78.79,123,false
210,Wheat - Soft Kernal Of Wheat,Craft Ltd,$28.58,183,true
211,Sprouts - China Rose,Craft Ltd,$71.96,97,false
212,Wine - Fat Bastard Merlot,Craft Ltd,$39.65,50,true
213,Sunflower Seed Raw,Craft Ltd,$27.02,117,true
214,"Club Soda - Schweppes, 355 Ml",MKS,$70.60,238,true
215,"Stock - Chicken, White",Craft Ltd,$11.60,173,true
216,Juice - Cranberry 284ml,Nestle,$45.80,160,false
217,Chicken - Whole,Craft Ltd,$75.93,92,true
218,Chocolate Bar - Reese Pieces,Nestle,$18.13,84,false
219,Garam Masala Powder,Craft Ltd,$35.22,219,true
220,Mace Ground,Microsoft,$25.17,172,false
221,Longos - Chicken Curried,Nestle,$21.58,157,false
222,Beets - Pickled,Craft Ltd,$14.20,72,false
223,"Onions - Dried, Chopped",Craft Ltd,$55.33,166,true
224,Apron,Microsoft,$10.22,95,false
225,Wine - Champagne Brut Veuve,Craft Ltd,$69.44,231,false
226,Wine - Placido Pinot Grigo,MKS,$31.56,167,true
227,"Spoon - Soup, Plastic",Nestle,$61.21,133,false
228,"Croissant, Raw - Mini",Craft Ltd,$84.73,118,true
229,"Vodka - Hot, Lnferno",MKS,$81.15,135,true
230,Cheese - St. Andre,MKS,$22.06,192,true
231,Chips - Potato Jalapeno,Craft Ltd,$44.31,111,true
232,Cheese - Mascarpone,MKS,$37.16,78,true
233,"Shrimp - 16/20, Iqf, Shell On",Microsoft,$10.50,184,false
234,"Squash - Pattypan, Yellow",Craft Ltd,$89.28,214,true
235,Dehydrated Kelp Kombo,Nestle,$18.93,164,false
236,Irish Cream - Baileys,Craft Ltd,$25.23,167,false
237,Beer - True North Lager,Microsoft,$28.99,90,true
238,Shrimp - Black Tiger 26/30,Nestle,$27.38,112,true
239,Carbonated Water - Orange,Nestle,$25.46,120,true
240,"Shrimp - Baby, Warm Water",MKS,$37.77,109,true
241,Magnotta Bel Paese Red,MKS,$20.26,119,true
242,Gelatine Leaves - Envelopes,Nestle,$65.28,127,true
243,Mousse - Mango,Microsoft,$35.98,207,false
244,Pork - Ham Hocks - Smoked,MKS,$57.28,64,true
245,Lychee,MKS,$68.97,63,false
246,Hot Choc Vending,Craft Ltd,$83.41,249,true
247,Milk Powder,Nestle,$82.86,198,true
248,Ocean Spray - Ruby Red,MKS,$95.30,127,false
249,Lid Coffee Cup 8oz Blk,MKS,$33.20,218,false
250,Soup - Campbells Beef Noodle,Craft Ltd,$14.00,174,false
251,"Wine - Bourgogne 2002, La",Microsoft,$82.35,93,true
252,Vol Au Vents,Craft Ltd,$14.30,214,true
253,Blueberries,MKS,$61.48,153,false
254,"Wine - Sherry Dry Sack, William",MKS,$19.13,184,true
255,Kiwi Gold Zespri,Craft Ltd,$28.00,242,true
256,Bagel - Whole White Sesame,Nestle,$56.07,162,true
257,Beef - Top Sirloin,MKS,$28.56,91,false
258,V8 Pet,MKS,$41.94,237,true
259,"Pepper - Green, Chili",Microsoft,$18.58,170,false
260,Chef Hat 20cm,MKS,$15.53,103,true
261,Cornish Hen,Craft Ltd,$56.37,56,false
262,Scallops - U - 10,MKS,$66.12,118,true
263,"Soup - Cream Of Broccoli, Dry",MKS,$47.10,186,true
264,Liquid Aminios Acid - Braggs,Craft Ltd,$50.03,89,false
265,"Pepper - Chillies, Crushed",Nestle,$31.53,204,false
266,Puff Pastry - Sheets,Craft Ltd,$54.13,247,false
267,Apple - Royal Gala,Nestle,$27.07,234,false
268,Bread - Mini Hamburger Bun,Microsoft,$56.67,231,true
269,Napkin - Beverage 1 Ply,Nestle,$66.82,134,true
270,Irish Cream - Baileys,MKS,$71.63,188,false
271,Chocolate - White,Microsoft,$45.78,189,false
272,Veal - Knuckle,MKS,$85.97,88,false
273,Myers Planters Punch,MKS,$53.32,65,false
274,Transfer Sheets,MKS,$72.17,168,true
275,Oil - Canola,Craft Ltd,$57.92,247,false
276,Cheese - Swiss Sliced,MKS,$74.15,151,false
277,Teriyaki Sauce,Nestle,$98.58,163,false
278,Jameson - Irish Whiskey,Microsoft,$24.83,107,false
279,Lettuce - Treviso,Craft Ltd,$44.48,154,true
280,Beef - Top Sirloin,Microsoft,$39.82,188,false
281,Edible Flower - Mixed,MKS,$72.86,145,true
282,Crab Brie In Phyllo,Craft Ltd,$84.82,224,false
283,"Thyme - Lemon, Fresh",MKS,$17.58,137,true
284,Jolt Cola - Electric Blue,MKS,$40.06,193,false
285,"Wine - Mas Chicet Rose, Vintage",MKS,$51.86,143,true
286,Butter Balls Salted,MKS,$82.36,232,true
287,Cheese - Brick With Pepper,Craft Ltd,$93.68,240,true
288,Schnappes Peppermint - Walker,Microsoft,$52.42,62,true
289,Teriyaki Sauce,Nestle,$97.19,57,false
290,Beef - Tenderloin - Aa,Nestle,$29.84,163,false
291,Nantucket Apple Juice,Microsoft,$50.30,158,false
292,"Cheese - Cheddar, Medium",MKS,$15.42,148,false
293,"Pasta - Lasagna, Dry",Craft Ltd,$70.50,231,false
294,Wine - Hardys Bankside Shiraz,Nestle,$40.79,104,true
295,Cheese - Brie,Nestle,$87.13,158,false
296,Barramundi,Nestle,$23.53,122,true
297,Sambuca - Ramazzotti,Nestle,$71.53,150,true
298,Ham - Proscuitto,Microsoft,$20.64,82,false
299,Chinese Foods - Thick Noodles,Microsoft,$64.82,155,false
300,Taro Root,Microsoft,$71.86,165,true
301,Yoghurt Tubes,Craft Ltd,$12.75,157,false
302,Truffle - Peelings,Microsoft,$37.76,206,false
303,Wine - Redchard Merritt,Craft Ltd,$18.88,116,false
304,Apples - Sliced / Wedge,Microsoft,$42.93,156,false
305,Sauce - Salsa,Nestle,$68.02,194,true
306,Cookie Chocolate Chip With,Craft Ltd,$60.80,249,false
307,"Wine - Red, Wolf Blass, Yellow",Nestle,$95.12,142,false
308,Skirt - 29 Foot,Craft Ltd,$40.21,101,true
309,"Lamb - Shoulder, Boneless",Craft Ltd,$98.27,208,true
310,Bread - Hot Dog Buns,Craft Ltd,$89.84,196,true
311,Beer - Upper Canada Lager,MKS,$83.16,140,true
312,Beer - Blue Light,MKS,$99.88,116,false
313,"Marsala - Sperone, Fine, D.o.c.",Craft Ltd,$41.37,94,false
314,Wine - Lamancha Do Crianza,Nestle,$37.98,96,true
315,Plasticknivesblack,MKS,$23.09,205,false
316,Artichoke - Fresh,Craft Ltd,$22.32,91,true
317,Scotch - Queen Anne,MKS,$48.69,163,true
318,Pepper - Jalapeno,Microsoft,$38.62,168,false
319,Eggwhite Frozen,MKS,$12.77,112,true
320,Butter - Pod,Nestle,$16.25,195,false
321,Gatorade - Cool Blue Raspberry,MKS,$36.97,105,true
322,Soup - Cream Of Potato / Leek,Microsoft,$28.71,198,false
323,Haggis,Nestle,$50.90,234,false
324,"Potatoes - Instant, Mashed",Microsoft,$14.78,179,true
325,Grand Marnier,Nestle,$17.15,79,false
326,Veal Inside - Provimi,MKS,$25.72,245,false
327,Bulgar,Microsoft,$65.74,119,true
328,"Trout - Hot Smkd, Dbl Fillet",Microsoft,$45.52,170,false
329,Ice Cream - Strawberry,Nestle,$54.53,248,true
330,Skirt - 24 Foot,Microsoft,$29.25,133,false
331,Pork - Inside,Craft Ltd,$12.15,141,false
332,Coffee - Cafe Moreno,Microsoft,$23.11,171,true
333,Cleaner - Bleach,Nestle,$61.48,113,false
334,Wine - Delicato Merlot,Nestle,$49.26,156,false
335,Mushroom - White Button,Microsoft,$60.40,245,true
336,Ice Cream Bar - Hageen Daz To,MKS,$84.28,171,true
337,Bamboo Shoots - Sliced,MKS,$59.66,235,false
338,Wine - Riesling Dr. Pauly,Craft Ltd,$51.51,85,false
339,Sugar - Brown,MKS,$43.05,178,false
340,Creme De Menth - White,MKS,$48.48,132,true
341,Scotch - Queen Anne,Nestle,$99.46,244,true
342,Peach - Halves,Microsoft,$92.07,120,false
343,Fond - Chocolate,Microsoft,$15.28,66,true
344,"Pepper - Chillies, Crushed",Microsoft,$66.86,131,true
345,Beef - Top Butt,MKS,$46.42,153,false
346,Burger Veggie,Nestle,$62.09,169,true
347,Bread - French Baquette,Microsoft,$79.82,148,true
348,"Beef - Ox Tongue, Pickled",Microsoft,$46.00,249,false
349,Apple - Macintosh,Microsoft,$52.06,115,false
350,Kippers - Smoked,Nestle,$98.10,144,true
351,Blue Curacao - Marie Brizard,Microsoft,$67.75,183,true
352,Guava,MKS,$13.09,73,true
353,Wine - Pinot Noir Pond Haddock,Nestle,$62.19,242,true
354,Turkey - Ground. Lean,Craft Ltd,$94.47,222,false
355,V8 - Tropical Blend,MKS,$76.08,91,true
356,Tomato Puree,Microsoft,$32.50,59,true
357,Pastrami,MKS,$78.02,179,false
358,Chocolate - Chips Compound,Craft Ltd,$15.21,231,false
359,Galliano,Craft Ltd,$26.50,141,false
360,Heavy Duty Dust Pan,Nestle,$42.28,112,true
361,Artichokes - Jerusalem,Nestle,$23.73,76,false
362,Bread Fig And Almond,Nestle,$49.43,195,false
363,Kellogs All Bran Bars,MKS,$66.46,178,false
364,Flower - Carnations,MKS,$30.06,216,false
365,Capicola - Hot,Nestle,$95.27,58,true
366,Cream - 35%,Microsoft,$91.32,235,false
367,Cheese - Grana Padano,Nestle,$13.06,213,false
368,Cocoa Powder - Dutched,MKS,$22.94,197,false
369,Compound - Passion Fruit,Microsoft,$93.02,165,false
370,Tandoori Curry Paste,Microsoft,$44.55,203,true
371,Blueberries - Frozen,MKS,$83.04,203,true
372,Pepper - Cayenne,MKS,$39.58,200,true
373,Cookie Dough - Oatmeal Rasin,MKS,$40.91,189,false
374,Bread - Wheat Baguette,Craft Ltd,$90.66,236,true
375,"Veal - Leg, Provimi - 50 Lb Max",Microsoft,$37.07,238,true
376,Cleaner - Bleach,Microsoft,$10.77,87,true
377,"Chicken - Thigh, Bone In",MKS,$73.17,129,false
378,Lobak,MKS,$39.61,158,true
379,Wine - Pinot Noir Pond Haddock,Nestle,$54.81,231,true
380,Raspberries - Fresh,Microsoft,$79.52,136,false
381,Hot Chocolate - Individual,Microsoft,$37.25,111,false
382,Passion Fruit,Microsoft,$14.35,121,false
383,Cheese - Grie Des Champ,Craft Ltd,$67.16,53,false
384,"Juice - Apple, 500 Ml",MKS,$70.70,105,true
385,Stock - Fish,Craft Ltd,$22.35,87,true
386,"Bread - Roll, Whole Wheat",MKS,$90.30,81,true
387,"Water - Mineral, Natural",Microsoft,$74.44,115,true
388,Banana Turning,Nestle,$32.35,151,true
389,Sponge Cake Mix - Chocolate,Nestle,$73.08,166,true
390,"Cheese - Boursin, Garlic / Herbs",Craft Ltd,$22.98,89,false
391,Liquid Aminios Acid - Braggs,Craft Ltd,$34.62,137,true
392,"Pepper - White, Ground",Nestle,$66.17,239,true
393,Barramundi,MKS,$92.68,129,false
394,Sauce Bbq Smokey,MKS,$51.17,168,true
395,Barley - Pearl,Nestle,$35.92,184,true
396,Versatainer Nc - 8288,Microsoft,$61.34,112,true
397,Cheese - Gouda Smoked,Nestle,$26.60,90,true
398,"Chestnuts - Whole,canned",Microsoft,$99.82,108,true
399,Tart - Butter Plain Squares,MKS,$94.12,230,true
400,Cheese - Provolone,MKS,$49.32,215,true
401,Soup - Campbells,MKS,$33.16,158,false
402,Shallots,Nestle,$90.24,205,true
403,Bagel - Everything Presliced,Nestle,$39.98,220,false
404,Peas - Frozen,Microsoft,$87.24,129,true
405,Salmon - Fillets,Microsoft,$85.29,124,false
406,Energy Drink Bawls,Nestle,$18.96,66,false
407,"Pasta - Rotini, Colour, Dry",Craft Ltd,$28.67,136,true
408,Cheese - Montery Jack,Nestle,$99.77,161,false
409,Absolut Citron,Craft Ltd,$90.48,117,true
410,Aspic - Light,Craft Ltd,$65.35,118,true
411,"Appetizer - Mini Egg Roll, Shrimp",Microsoft,$57.97,167,true
412,Bread Fig And Almond,Microsoft,$12.50,54,false
413,Flour - Teff,Craft Ltd,$35.00,119,false
414,"Pepper - Paprika, Hungarian",Nestle,$50.23,146,true
415,Sprouts - Baby Pea Tendrils,Nestle,$20.50,207,true
416,Orange Roughy 6/8 Oz,Microsoft,$93.63,82,true
417,Octopus,Nestle,$35.92,178,true
418,Mix Pina Colada,Craft Ltd,$53.88,186,true
419,Chicken Thigh - Bone Out,Microsoft,$26.18,202,true
420,Mousse - Mango,Craft Ltd,$84.57,203,true
421,Apple - Macintosh,Nestle,$37.32,221,false
422,Foam Espresso Cup Plain White,MKS,$13.94,135,true
423,Kellogs All Bran Bars,MKS,$24.47,126,false
424,Cakes Assorted,Nestle,$62.48,164,false
425,"Chicken - Breast, 5 - 7 Oz",Nestle,$58.01,233,false
426,Tofu - Soft,Microsoft,$88.31,189,false
427,Water Chestnut - Canned,Nestle,$59.09,187,true
428,Passion Fruit,MKS,$48.08,70,false
429,Garlic - Peeled,Craft Ltd,$92.03,188,false
430,Beer - Mcauslan Apricot,MKS,$26.57,125,true
431,"Mushroom - Enoki, Fresh",Craft Ltd,$39.11,154,false
432,"Bread - White, Sliced",Craft Ltd,$59.96,198,false
433,Wine - Chateau Aqueria Tavel,Microsoft,$54.71,232,true
434,Bread - 10 Grain Parisian,Microsoft,$14.45,245,true
435,"Tray - Foam, Square 4 - S",MKS,$91.00,84,false
436,Tuna - Sushi Grade,Microsoft,$93.38,177,true
437,Pears - Anjou,MKS,$72.49,57,true
438,Durian Fruit,Craft Ltd,$41.07,50,true
439,Uniform Linen Charge,Nestle,$80.21,80,true
440,Oil - Shortening - All - Purpose,Microsoft,$16.48,142,false
441,Oats Large Flake,Nestle,$86.92,230,true
442,Pheasants - Whole,MKS,$80.34,130,false
443,Wine - Rosso Toscano Igt,Microsoft,$72.34,52,false
444,"Beer - Alexander Kieths, Pale Ale",Nestle,$42.99,135,false
445,The Pop Shoppe - Lime Rickey,Craft Ltd,$59.49,184,false
446,Beer - Moosehead,Microsoft,$55.45,61,false
447,Flour - Strong Pizza,MKS,$45.38,189,true
448,"Juice - Cranberry, 341 Ml",Craft Ltd,$17.64,97,false
449,Cookies - Englishbay Wht,Microsoft,$33.71,113,false
450,"Pork - Ham, Virginia",Nestle,$84.28,225,true
451,Wine - Marlbourough Sauv Blanc,Microsoft,$77.65,92,true
452,Pastry - Cheese Baked Scones,MKS,$24.94,138,true
453,Food Colouring - Pink,Nestle,$47.75,112,false
454,Caviar - Salmon,Microsoft,$43.13,153,false
455,Tomato Paste,Nestle,$54.09,158,true
456,Shallots,Nestle,$15.72,121,true
457,Juice - Ocean Spray Kiwi,Nestle,$10.09,187,false
458,Oil - Cooking Spray,Microsoft,$93.66,128,true
459,"Wine - Cahors Ac 2000, Clos",MKS,$66.66,227,true
460,Veal - Inside,Microsoft,$13.91,119,false
461,"Lemonade - Kiwi, 591 Ml",Microsoft,$28.37,83,false
462,"Lobster - Baby, Boiled",Microsoft,$71.53,98,true
463,Muffin - Mix - Strawberry Rhubarb,MKS,$71.77,115,false
464,Pur Value,MKS,$68.14,236,true
465,Longos - Grilled Chicken With,MKS,$54.52,67,true
466,Wine - Casablanca Valley,Nestle,$61.86,118,false
467,Calypso - Black Cherry Lemonade,MKS,$13.01,171,true
468,Coriander - Ground,Craft Ltd,$17.57,229,true
469,Pear - Halves,Nestle,$17.36,157,true
470,Chocolate - Feathers,Craft Ltd,$84.67,168,true
471,Appetizer - Seafood Assortment,Nestle,$32.94,150,true
472,Lamb Leg - Bone - In Nz,Nestle,$51.90,120,true
473,Gherkin,Nestle,$95.71,233,true
474,"Pork - Tenderloin, Frozen",Microsoft,$77.59,84,true
475,Towels - Paper / Kraft,MKS,$97.13,113,true
476,Dc - Sakura Fu,Microsoft,$65.08,81,true
477,Flour - Strong,Microsoft,$31.28,191,true
478,Curry Paste - Green Masala,Craft Ltd,$12.06,200,true
479,Seaweed Green Sheets,Microsoft,$12.18,51,true
480,Pickerel - Fillets,Craft Ltd,$59.43,105,false
481,Wine - Blue Nun Qualitatswein,Craft Ltd,$61.13,133,false
482,"Bread - Roll, Soft White Round",Microsoft,$34.12,164,true
483,Chickensplit Half,Nestle,$83.02,218,false
484,Coffee - Hazelnut Cream,Craft Ltd,$60.91,98,true
485,Shrimp - Black Tiger 16/20,MKS,$67.80,234,true
486,Bread - 10 Grain,Craft Ltd,$15.44,192,true
487,Cheese - St. Paulin,Craft Ltd,$76.82,183,false
488,Sauce - Marinara,MKS,$36.69,114,true
489,Cheese - Mascarpone,Craft Ltd,$53.12,245,true
490,Glove - Cutting,Microsoft,$23.74,214,true
491,Cheese Cloth No 100,MKS,$23.91,243,false
492,Wine - Rioja Campo Viejo,MKS,$77.93,124,false
493,"Corn - Cream, Canned",MKS,$86.08,74,true
494,Water - Spring 1.5lit,MKS,$78.71,203,true
495,Sauce - Salsa,Microsoft,$62.34,210,false
496,"Crush - Grape, 355 Ml",Craft Ltd,$90.00,128,true
497,Irish Cream - Baileys,Craft Ltd,$23.73,128,false
498,Veal - Leg,Nestle,$31.68,200,false
499,Cup - 8oz Coffee Perforated,Nestle,$46.28,174,false
500,Longos - Assorted Sandwich,MKS,$59.48,194,false
501,"Doilies - 10, Paper",Craft Ltd,$79.02,55,false
502,Buttons,Microsoft,$41.75,142,true
503,Sour Cream,Microsoft,$23.98,168,true
504,Apple - Northern Spy,MKS,$50.21,206,true
505,Sambuca - Opal Nera,Nestle,$57.70,57,false
506,Flour - Bread,MKS,$30.33,64,true
507,Canadian Emmenthal,Nestle,$31.84,81,false
508,"Veal - Tenderloin, Untrimmed",MKS,$92.23,87,false
509,Bamboo Shoots - Sliced,Nestle,$34.95,125,false
510,"Rice Pilaf, Dry,package",Microsoft,$36.81,124,false
511,Chick Peas - Dried,MKS,$35.05,152,true
512,Appetizer - Assorted Box,Craft Ltd,$47.87,223,true
513,Coffee - Flavoured,Nestle,$61.91,121,false
514,"Wine - Red, Wolf Blass, Yellow",Microsoft,$96.21,188,false
515,Juice - Lime,MKS,$38.02,68,true
516,Bread - Burger,MKS,$22.58,96,true
517,Tequila Rose Cream Liquor,MKS,$45.14,203,true
518,Juice - Prune,MKS,$24.56,83,true
519,Cheese - Provolone,MKS,$77.38,147,true
520,"Lentils - Green, Dry",Microsoft,$89.67,196,true
521,"Mushroom - Chanterelle, Dry",MKS,$28.06,62,false
522,"Lamb - Leg, Boneless",Microsoft,$16.05,194,true
523,"Pork - Bacon,back Peameal",Microsoft,$89.09,88,false
524,Rice Wine - Aji Mirin,Nestle,$96.23,72,false
525,Tamarillo,Nestle,$26.55,80,false
526,Bagel - Sesame Seed Presliced,MKS,$85.95,160,false
527,"Marjoram - Dried, Rubbed",Craft Ltd,$60.13,183,false
528,"Cheese - Cheddar, Mild",MKS,$47.15,78,false
529,Sauce - Rosee,Nestle,$62.46,187,false
530,"Soup - Knorr, Ministrone",Nestle,$60.70,241,false
531,Nantucket Apple Juice,MKS,$94.29,78,true
532,Jack Daniels,MKS,$17.64,175,true
533,"Lemonade - Strawberry, 591 Ml",Microsoft,$70.72,55,false
534,Papayas,Nestle,$31.44,54,true
535,Island Oasis - Magarita Mix,Nestle,$66.21,136,true
536,"Mushroom - Chanterelle, Dry",Microsoft,$84.76,99,true
537,Soup Campbells Split Pea And Ham,Nestle,$83.83,108,false
538,Lettuce - Escarole,Nestle,$95.70,73,true
539,Tuna - Fresh,Nestle,$51.51,207,true
540,Muffin Batt - Choc Chk,Microsoft,$37.73,150,true
541,Pie Shell - 5,MKS,$43.14,99,true
542,Scallops - 10/20,MKS,$47.76,222,true
543,"Nut - Hazelnut, Ground, Natural",Microsoft,$40.41,184,true
544,"Beef - Ox Tail, Frozen",MKS,$82.49,82,false
545,Salt - Celery,Craft Ltd,$29.44,135,true
546,Carbonated Water - Blackberry,Microsoft,$72.85,191,false
547,Spinach - Spinach Leaf,Craft Ltd,$86.44,93,true
548,Seaweed Green Sheets,Nestle,$29.49,169,true
549,"Iced Tea - Lemon, 340ml",Nestle,$27.83,76,false
550,"Wine - Red, Metus Rose",Nestle,$79.63,245,true
551,"Stock - Chicken, White",Craft Ltd,$92.41,226,false
552,"Soup - Beef, Base Mix",Craft Ltd,$36.25,160,true
553,Tray - 16in Rnd Blk,Microsoft,$99.30,184,true
554,Croissants Thaw And Serve,Microsoft,$71.55,239,false
555,Ecolab - Hand Soap Form Antibac,Nestle,$18.62,160,false
556,Table Cloth 53x53 White,Nestle,$56.50,224,false
557,Flour - Strong Pizza,Nestle,$36.54,230,false
558,Celery,Nestle,$78.28,175,false
559,Longos - Chicken Curried,MKS,$50.77,117,true
560,Kohlrabi,Nestle,$41.81,88,false
561,Cheese - Grie Des Champ,Microsoft,$51.70,121,false
562,Plastic Wrap,Microsoft,$13.85,239,true
563,Filter - Coffee,Nestle,$92.92,73,false
564,Foam Espresso Cup Plain White,Nestle,$46.77,215,true
565,Cheese - Sheep Milk,Craft Ltd,$22.43,220,true
566,Beer - Sleemans Honey Brown,Microsoft,$17.66,174,true
567,"Trout - Rainbow, Frozen",MKS,$63.67,95,true
568,Pepper - Sorrano,Craft Ltd,$42.59,185,true
569,Ecolab - Lime - A - Way 4/4 L,Craft Ltd,$11.56,129,false
570,Cheese - Parmigiano Reggiano,Nestle,$72.77,188,false
571,Wine - Ruffino Chianti Classico,Craft Ltd,$67.59,68,true
572,Wine - Mondavi Coastal Private,Microsoft,$50.92,193,true
573,"Beans - Black Bean, Dry",MKS,$52.20,50,false
574,"Cake Circle, Paprus",Craft Ltd,$10.70,90,false
575,"Pasta - Lasagna Noodle, Frozen",Craft Ltd,$52.25,209,true
576,Truffle Paste,Craft Ltd,$64.01,77,true
577,"Shrimp - 16/20, Iqf, Shell On",Microsoft,$52.38,93,false
578,"Cheese - Cheddar, Medium",Microsoft,$99.69,76,false
579,Milk - Chocolate 500ml,MKS,$45.04,211,false
580,Beer - Sleeman Fine Porter,Microsoft,$78.54,77,false
581,"Noodles - Cellophane, Thin",Nestle,$50.67,168,true
582,Crush - Cream Soda,Microsoft,$36.60,125,false
583,Nantucket Orange Juice,MKS,$76.40,83,false
584,"Vermouth - White, Cinzano",Nestle,$73.66,62,false
585,"Bread - Rolls, Corn",MKS,$92.36,150,true
586,Petite Baguette,MKS,$69.82,104,true
587,Daikon Radish,MKS,$94.40,235,false
588,Red Cod Fillets - 225g,Microsoft,$82.57,212,false
589,Flour - Strong,Microsoft,$16.03,173,false
590,Soup - Campbells Tomato Ravioli,Nestle,$40.33,236,true
591,Papadam,Nestle,$15.65,247,false
592,Tequila Rose Cream Liquor,Microsoft,$41.35,176,false
593,Vodka - Smirnoff,Microsoft,$92.65,79,true
594,Pork - Liver,Nestle,$44.29,127,false
595,Dill Weed - Dry,MKS,$45.78,107,true
596,Ham - Cooked Italian,Microsoft,$62.34,67,true
597,Lid Tray - 16in Dome,Microsoft,$63.10,194,false
598,Icecream - Dstk Cml And Fdg,Nestle,$43.88,109,true
599,Extract - Almond,Craft Ltd,$46.32,96,true
600,Cattail Hearts,Craft Ltd,$27.35,109,true
601,Grouper - Fresh,MKS,$36.98,93,true
602,Lychee,Nestle,$42.08,190,true
603,Cookies - Assorted,Craft Ltd,$35.08,186,false
604,Russian Prince,Craft Ltd,$61.43,63,true
605,Wine - Vovray Sec Domaine Huet,Nestle,$29.39,67,false
606,"Pasta - Lasagna, Dry",MKS,$52.89,137,true
607,Ezy Change Mophandle,MKS,$75.11,75,true
608,Apple - Granny Smith,Craft Ltd,$33.44,128,true
609,"Shrimp - Baby, Warm Water",Nestle,$84.23,231,false
610,Milk Powder,Craft Ltd,$26.10,100,false
611,Crab - Meat,Nestle,$26.57,225,true
612,Yogurt - French Vanilla,Craft Ltd,$25.18,80,true
613,Sauce - Alfredo,Microsoft,$27.28,89,true
614,Oil - Canola,Craft Ltd,$14.58,90,false
615,Scallops - In Shell,Microsoft,$63.46,158,false
616,Broom - Angled,Nestle,$85.56,127,true
617,"Veal - Chops, Split, Frenched",Craft Ltd,$21.16,85,false
618,Cornstarch,Nestle,$18.24,221,false
619,"Vodka - Lemon, Absolut",MKS,$88.05,249,false
620,Cotton Wet Mop 16 Oz,Microsoft,$61.17,61,true
621,Mussels - Frozen,MKS,$96.06,56,false
622,Soup Campbells - Tomato Bisque,Microsoft,$73.48,185,false
623,Eggplant - Regular,MKS,$30.35,238,true
624,Spring Roll Veg Mini,MKS,$49.42,196,true
625,Sprouts - Alfalfa,Craft Ltd,$37.96,120,true
626,Wine - Merlot Vina Carmen,Craft Ltd,$66.42,108,false
627,Sugar - Cubes,Nestle,$23.99,63,false
628,Ginger - Crystalized,Craft Ltd,$89.55,129,false
629,Tray - 12in Rnd Blk,Microsoft,$34.92,88,false
630,Cleaner - Bleach,Craft Ltd,$47.01,67,true
631,Pop Shoppe Cream Soda,Microsoft,$43.40,113,true
632,Water Chestnut - Canned,MKS,$40.50,143,true
633,Clementine,Craft Ltd,$90.13,68,true
634,"Bar Mix - Pina Colada, 355 Ml",Microsoft,$92.77,243,true
635,Wine - Remy Pannier Rose,MKS,$19.89,193,false
636,"Tortillas - Flour, 10",MKS,$41.31,165,true
637,"Salt - Rock, Course",MKS,$72.22,107,false
638,Wine - Chianti Classico Riserva,MKS,$87.90,185,true
639,Foam Espresso Cup Plain White,Nestle,$64.05,180,true
640,The Pop Shoppe - Cream Soda,Craft Ltd,$38.95,61,true
641,Olive - Spread Tapenade,Microsoft,$61.82,132,false
642,Chicken Giblets,Microsoft,$16.94,55,false
643,Sardines,Craft Ltd,$66.75,142,true
644,"Capon - Breast, Double, Wing On",Microsoft,$38.95,199,false
645,Beets - Pickled,Microsoft,$90.74,160,false
646,Pernod,Microsoft,$21.76,228,true
647,Beer - Molson Excel,Microsoft,$26.35,159,true
648,Chocolate Bar - Oh Henry,Craft Ltd,$24.01,186,false
649,Veal - Kidney,Microsoft,$85.96,168,false
650,Squid - Tubes / Tenticles 10/20,Nestle,$29.86,73,true
651,Chinese Foods - Chicken,Nestle,$88.53,249,true
652,Wine - Rubyport,Craft Ltd,$93.56,73,true
653,Papadam,MKS,$39.68,239,false
654,"Placemat - Scallop, White",Microsoft,$41.13,107,true
655,"Iced Tea - Lemon, 460 Ml",Nestle,$55.39,152,false
656,Potatoes - Yukon Gold 5 Oz,MKS,$93.59,58,true
657,"Rum - Dark, Bacardi, Black",Nestle,$20.93,109,false
658,Pan Grease,MKS,$70.66,93,true
659,The Pop Shoppe - Root Beer,MKS,$91.24,68,true
660,Yogurt - Plain,Microsoft,$30.46,235,false
661,Nori Sea Weed,MKS,$32.42,145,true
662,"Wine - Red, Cabernet Sauvignon",Craft Ltd,$30.66,209,true
663,Sugar Thermometer,Nestle,$79.38,106,true
664,"Sole - Dover, Whole, Fresh",Microsoft,$81.55,227,false
665,Compound - Passion Fruit,Nestle,$57.41,154,true
666,Scallop - St. Jaques,Nestle,$33.45,157,true
667,"Roe - Lump Fish, Red",Nestle,$72.56,171,false
668,Onions - Red Pearl,Nestle,$19.05,106,true
669,Soup - Campbells - Chicken Noodle,MKS,$94.94,118,false
670,"Beef - Ox Tail, Frozen",MKS,$30.52,172,false
671,"Apple - Delicious, Golden",Microsoft,$64.28,119,true
672,Soup - Base Broth Beef,Nestle,$88.44,137,true
673,"Mushroom - Morels, Dry",Microsoft,$12.25,187,true
674,Soup - Campbells Beef Strogonoff,MKS,$17.10,144,true
675,Pears - Fiorelle,Nestle,$73.89,88,true
676,Cinnamon Buns Sticky,Craft Ltd,$53.50,182,true
677,Squid - Breaded,Microsoft,$90.18,126,false
678,"Pepsi, 355 Ml",Microsoft,$36.50,228,true
679,Lychee,Microsoft,$34.60,245,false
680,Kiwano,Craft Ltd,$32.87,79,true
681,Yukon Jack,Microsoft,$47.32,201,true
682,Jack Daniels,Microsoft,$49.90,63,false
683,Carbonated Water - Wildberry,Microsoft,$51.41,113,true
684,Bread - French Stick,Craft Ltd,$95.98,223,true
685,Cookies Oatmeal Raisin,MKS,$51.75,209,false
686,"Crab - Claws, Snow 16 - 24",MKS,$98.77,150,false
687,Puree - Blackcurrant,MKS,$43.80,160,true
688,"Oil - Shortening,liqud, Fry",MKS,$31.03,197,true
689,Tomatoes Tear Drop,MKS,$20.67,164,true
690,Wiberg Super Cure,MKS,$28.94,131,false
691,Mcgillicuddy Vanilla Schnap,Craft Ltd,$98.77,128,false
692,Lamb Rack Frenched Australian,MKS,$98.22,241,true
693,Wine - Magnotta - Bel Paese White,Microsoft,$21.64,89,true
694,Milk - 2% 250 Ml,Microsoft,$65.56,135,true
695,Cinnamon - Ground,Microsoft,$96.65,98,false
696,Island Oasis - Ice Cream Mix,Craft Ltd,$13.71,120,false
697,Ostrich - Fan Fillet,Craft Ltd,$47.78,123,true
698,"Seedlings - Mix, Organic",Craft Ltd,$88.38,180,false
699,Radish - Pickled,Craft Ltd,$52.06,175,true
700,Chips - Assorted,MKS,$11.59,137,true
701,Water Chestnut - Canned,Microsoft,$65.84,69,true
702,Syrup - Monin - Passion Fruit,MKS,$74.75,84,true
703,"Wine - White, Colubia Cresh",Microsoft,$94.01,74,true
704,Cheese - Grana Padano,Craft Ltd,$97.04,183,true
705,Curry Powder Madras,Craft Ltd,$42.47,185,false
706,Sobe - Green Tea,MKS,$35.30,142,false
707,Carbonated Water - White Grape,Microsoft,$13.81,210,true
708,Truffle - Whole Black Peeled,MKS,$26.55,225,true
709,Blueberries - Frozen,Craft Ltd,$78.99,179,true
710,Beef Flat Iron Steak,MKS,$95.58,70,true
711,Soup - Campbells - Tomato,Craft Ltd,$99.69,213,false
712,Raspberries - Frozen,Microsoft,$43.93,152,false
713,Puree - Pear,Craft Ltd,$41.37,137,true
714,Apron,Microsoft,$89.03,212,false
715,Alize Sunset,Microsoft,$71.41,129,true
716,Pike - Frozen Fillet,Craft Ltd,$57.69,110,false
717,"Rosemary - Primerba, Paste",Microsoft,$20.62,160,true
718,Wine - Sawmill Creek Autumn,Craft Ltd,$41.43,185,true
719,Ecolab - Lime - A - Way 4/4 L,Microsoft,$55.23,108,true
720,"Coke - Classic, 355 Ml",MKS,$94.58,239,true
721,Juice - Apple Cider,Craft Ltd,$53.28,245,false
722,"Jam - Marmalade, Orange",Microsoft,$76.09,152,true
723,Apple - Fuji,Microsoft,$42.69,143,true
724,Skirt - 24 Foot,Nestle,$62.63,111,true
725,Red Cod Fillets - 225g,Craft Ltd,$65.64,172,false
726,Pork - Caul Fat,MKS,$68.73,249,false
727,Wine - Semi Dry Riesling Vineland,Microsoft,$48.43,200,false
728,Truffle Cups Green,Nestle,$94.67,224,false
729,Bread - Assorted Rolls,Nestle,$73.01,219,true
730,Chicken - Whole Fryers,MKS,$14.77,173,true
731,Veal - Knuckle,Microsoft,$37.98,97,true
732,"Pork - Loin, Boneless",MKS,$85.47,220,true
733,Tomato - Green,Craft Ltd,$83.42,78,false
734,"Pasta - Lasagna, Dry",Nestle,$45.59,104,true
735,"Yogurt - Banana, 175 Gr",Craft Ltd,$83.56,224,false
736,Bread - English Muffin,Nestle,$74.41,212,true
737,"Pasta - Bauletti, Chicken White",Microsoft,$77.99,197,false
738,Schnappes Peppermint - Walker,Nestle,$80.93,134,false
739,Wine - Cousino Macul Antiguas,Craft Ltd,$35.59,94,false
740,Wine - Trimbach Pinot Blanc,Craft Ltd,$89.92,210,true
741,Yams,Nestle,$83.92,95,false
742,Egg - Salad Premix,MKS,$76.01,130,true
743,Corn - Mini,MKS,$33.25,65,false
744,Cheese - Pont Couvert,Nestle,$28.97,166,false
745,Gherkin,Craft Ltd,$61.63,60,true
746,Sweet Pea Sprouts,Nestle,$19.62,243,false
747,Aspic - Light,Nestle,$44.12,215,true
748,Butter - Pod,Craft Ltd,$93.14,111,true
749,Flour - All Purpose,MKS,$25.25,80,true
750,"Beans - Black Bean, Canned",MKS,$21.31,233,true
751,Liqueur - Melon,MKS,$45.20,220,true
752,Sloe Gin - Mcguinness,MKS,$70.99,243,false
753,Sauce - Oyster,MKS,$89.43,65,false
754,Wine - Chenin Blanc K.w.v.,Microsoft,$39.68,229,false
755,Wine - Ej Gallo Sierra Valley,Nestle,$64.49,64,true
756,"Soup - Knorr, Ministrone",Nestle,$62.53,124,false
757,Tea - Honey Green Tea,Nestle,$97.28,84,false
758,V8 - Vegetable Cocktail,Nestle,$29.48,71,false
759,Creme De Banane - Marie,MKS,$32.43,123,true
760,Jack Daniels,MKS,$36.47,131,true
761,Coffee Caramel Biscotti,MKS,$27.16,51,false
762,Cakes Assorted,MKS,$64.42,208,false
763,Beef - Cow Feet Split,Microsoft,$44.73,245,true
764,"Quail - Whole, Bone - In",Microsoft,$44.61,153,false
765,"Stock - Beef, White",Craft Ltd,$92.67,176,false
766,Cookie - Oreo 100x2,MKS,$33.78,170,false
767,Okra,MKS,$89.01,205,true
768,Pear - Packum,Craft Ltd,$50.26,139,false
769,Cheese - Cambozola,Nestle,$17.35,159,false
770,Catfish - Fillets,Nestle,$42.48,229,false
771,Ecolab - Balanced Fusion,Microsoft,$16.59,99,true
772,Pears - Bosc,Nestle,$48.59,132,true
773,Jack Daniels,Microsoft,$38.87,229,false
774,Crawfish,MKS,$36.09,68,true
775,Tomatoes Tear Drop,Nestle,$70.74,243,true
776,Appetiser - Bought,Craft Ltd,$56.16,139,false
777,Water - Tonic,Craft Ltd,$11.92,57,false
778,Baking Soda,Craft Ltd,$95.63,209,false
779,Blackberries,Nestle,$74.19,66,false
780,Wine - Muscadet Sur Lie,MKS,$87.99,63,false
781,Bamboo Shoots - Sliced,Nestle,$57.40,206,true
782,Longos - Cheese Tortellini,Microsoft,$66.99,236,true
783,Kippers - Smoked,MKS,$15.44,187,false
784,Cookie Dough - Oatmeal Rasin,Nestle,$78.85,151,false
785,Sprouts - Peppercress,Microsoft,$53.19,107,true
786,Wine - Puligny Montrachet A.,Nestle,$16.85,75,true
787,Lettuce - Treviso,Microsoft,$25.86,152,true
788,Chick Peas - Canned,Craft Ltd,$34.79,236,true
789,Arizona - Plum Green Tea,Microsoft,$33.78,220,false
790,Neckerchief Blck,MKS,$40.52,225,true
791,Milk - Chocolate 250 Ml,Nestle,$88.85,245,false
792,Eggplant - Baby,Craft Ltd,$51.68,83,true
793,Beer - True North Lager,Nestle,$51.00,80,true
794,"Pail - 15l White, With Handle",MKS,$20.36,135,true
795,"Cup - 6oz, Foam",Craft Ltd,$14.95,77,false
796,Napkin White - Starched,Nestle,$90.95,222,true
797,Syrup - Monin - Blue Curacao,Craft Ltd,$61.39,183,false
798,"Cheese - Cheddar, Mild",Craft Ltd,$64.56,100,true
799,Ham - Cooked Italian,Microsoft,$21.78,212,false
800,Bar Mix - Lime,Microsoft,$47.99,150,true
801,"Soup - Knorr, Ministrone",Craft Ltd,$67.91,174,true
802,"Chocolate - Milk, Callets",Microsoft,$60.48,170,false
803,"Wine - Cahors Ac 2000, Clos",Nestle,$88.10,111,false
804,Cleaner - Lime Away,Microsoft,$58.90,243,false
805,English Muffin,MKS,$92.16,220,false
806,Butter - Pod,MKS,$62.51,178,false
807,Venison - Denver Leg Boneless,Craft Ltd,$32.83,180,false
808,Onions - Green,MKS,$33.32,57,false
809,Scampi Tail,MKS,$39.31,183,true
810,Lambcasing,Microsoft,$32.78,213,false
811,Wine - Fino Tio Pepe Gonzalez,Microsoft,$76.27,185,false
812,Tomatoes Tear Drop,Microsoft,$25.10,85,true
813,Silicone Parch. 16.3x24.3,Nestle,$41.47,215,false
814,Thyme - Fresh,MKS,$74.26,176,false
815,Soup - Campbells Mushroom,MKS,$93.08,235,false
816,Mangoes,Nestle,$46.62,54,false
817,Radish - Pickled,Nestle,$63.23,107,false
818,"Capon - Breast, Double, Wing On",MKS,$94.59,180,false
819,Passion Fruit,Microsoft,$85.94,142,true
820,Chicken - Whole,MKS,$48.09,179,false
821,Bread Cranberry Foccacia,Craft Ltd,$90.76,213,true
822,Spice - Onion Powder Granulated,Nestle,$32.42,148,false
823,"Ranchero - Primerba, Paste",Craft Ltd,$41.40,95,true
824,Basil - Fresh,Nestle,$63.18,237,true
825,Mahi Mahi,Craft Ltd,$78.39,163,false
826,Marzipan 50/50,Microsoft,$15.67,177,false
827,Pizza Pizza Dough,Nestle,$96.78,235,false
828,Vaccum Bag - 14x20,MKS,$28.17,114,false
829,Ezy Change Mophandle,Microsoft,$80.14,68,true
830,Sausage - Liver,MKS,$80.39,170,false
831,"Veal - Inside, Choice",Craft Ltd,$53.51,116,true
832,Plate Foam Laminated 9in Blk,Craft Ltd,$11.16,133,true
833,Squid Ink,MKS,$46.09,188,true
834,Beef - Ox Tongue,Microsoft,$52.96,222,false
835,"Chilli Paste, Sambal Oelek",MKS,$10.09,66,true
836,Ice Cream - Chocolate,Microsoft,$97.73,98,true
837,"Nut - Cashews, Whole, Raw",Nestle,$89.94,57,false
838,Wine - Chardonnay South,Microsoft,$34.05,141,true
839,Anchovy In Oil,Nestle,$29.84,180,false
840,Cheese - Grana Padano,Microsoft,$10.82,194,false
841,Sloe Gin - Mcguinness,Nestle,$92.60,220,false
842,Versatainer Nc - 9388,Craft Ltd,$70.39,107,false
843,"Crab - Claws, Snow 16 - 24",Microsoft,$37.84,171,false
844,Wine - Rubyport,Nestle,$87.69,212,false
845,Fruit Mix - Light,Microsoft,$11.33,156,true
846,Macaroons - Homestyle Two Bit,Microsoft,$25.84,200,false
847,"Cup - 3.5oz, Foam",Craft Ltd,$64.46,107,false
848,Wine - Semi Dry Riesling Vineland,MKS,$91.07,143,false
849,Flour - Whole Wheat,Nestle,$29.35,191,true
850,Peppercorns - Pink,Microsoft,$20.70,116,false
851,Pineapple - Regular,MKS,$69.03,69,false
852,Longos - Cheese Tortellini,Microsoft,$35.96,104,false
853,Butter Sweet,MKS,$74.78,199,false
854,Scallops 60/80 Iqf,Craft Ltd,$90.20,176,true
855,Pork - Sausage Casing,MKS,$91.38,128,true
856,Hummus - Spread,MKS,$16.23,147,false
857,Sausage - Blood Pudding,MKS,$92.66,217,false
858,Oil - Hazelnut,Nestle,$48.10,57,false
859,Bread - Burger,Craft Ltd,$13.82,115,true
860,Ham - Cooked Bayonne Tinned,Nestle,$90.94,160,false
861,Sprouts - Baby Pea Tendrils,MKS,$26.50,121,true
862,Wine - Domaine Boyar Royal,Microsoft,$70.30,210,true
863,Rosemary - Dry,Microsoft,$24.65,72,false
864,Horseradish Root,Microsoft,$14.80,173,false
865,Lambcasing,Craft Ltd,$32.73,229,true
866,Lettuce - Sea / Sea Asparagus,Craft Ltd,$90.52,135,true
867,Edible Flower - Mixed,Microsoft,$58.20,53,true
868,Sansho Powder,Nestle,$63.62,158,true
869,Browning Caramel Glace,Microsoft,$38.77,178,true
870,Tea - Herbal Orange Spice,Microsoft,$41.75,209,false
871,Maintenance Removal Charge,Microsoft,$29.49,185,true
872,Pumpkin,Nestle,$98.92,174,true
873,"Pepper - Julienne, Frozen",Microsoft,$72.68,197,false
874,Onions - Green,Craft Ltd,$99.62,63,true
875,Beef - Ground Medium,Microsoft,$28.31,68,false
876,Coffee Swiss Choc Almond,Nestle,$57.59,90,true
877,Walkers Special Old Whiskey,MKS,$67.39,83,true
878,Seedlings - Clamshell,MKS,$25.33,213,true
879,Scallops - In Shell,MKS,$73.10,208,false
880,Soap - Mr.clean Floor Soap,Microsoft,$43.28,96,true
881,Beef Cheek Fresh,MKS,$52.22,218,false
882,"Lettuce - Romaine, Heart",Craft Ltd,$84.96,142,false
883,Banana,Microsoft,$22.14,88,false
884,Bread - Rosemary Focaccia,MKS,$34.29,51,false
885,Soup - Boston Clam Chowder,Nestle,$16.30,245,true
886,Chocolate - White,Nestle,$94.10,240,true
887,Apple - Northern Spy,Nestle,$89.39,218,true
888,"Pork - Tenderloin, Fresh",Nestle,$94.61,65,false
889,"Beef - Ox Tail, Frozen",Microsoft,$25.41,93,true
890,"Roe - Lump Fish, Black",Craft Ltd,$50.32,185,false
891,Tumeric,Nestle,$48.64,149,true
892,Miso - Soy Bean Paste,MKS,$47.19,143,true
893,Cake - Mini Cheesecake,Microsoft,$13.71,210,false
894,Bagel - Everything Presliced,MKS,$41.17,67,false
895,Wine - Lou Black Shiraz,Craft Ltd,$73.51,202,false
896,Bread - Malt,Nestle,$85.44,207,false
897,Puree - Guava,Microsoft,$60.02,60,true
898,Okra,Microsoft,$70.09,139,true
899,Tuna - Salad Premix,Nestle,$78.86,242,true
900,Towel - Roll White,Microsoft,$82.18,86,false
901,French Pastry - Mini Chocolate,Microsoft,$94.48,201,false
902,Monkfish - Fresh,Craft Ltd,$47.51,94,true
903,Cake - Sheet Strawberry,MKS,$59.65,103,true
904,Assorted Desserts,Nestle,$98.40,174,true
905,Oil - Sesame,Craft Ltd,$62.69,95,true
906,Oil - Olive Bertolli,MKS,$66.66,131,false
907,"Wine - White, Antinore Orvieto",Craft Ltd,$46.45,51,true
908,Longos - Greek Salad,Microsoft,$72.49,82,true
909,Bagel - Everything Presliced,Craft Ltd,$16.14,123,false
910,Dried Peach,Microsoft,$10.31,110,false
911,Soup - Campbells Broccoli,Craft Ltd,$75.72,249,true
912,Pastry - French Mini Assorted,Craft Ltd,$48.24,115,true
913,Melon - Cantaloupe,MKS,$49.37,140,false
914,Garlic,Microsoft,$63.46,60,false
915,Tuna - Bluefin,Craft Ltd,$63.20,159,true
916,Cheese - Fontina,MKS,$11.80,247,false
917,Pancetta,Craft Ltd,$49.19,93,true
918,Table Cloth 90x90 White,Microsoft,$48.90,144,false
919,Cheese Cloth No 100,Microsoft,$98.21,92,true
920,Bread - French Baquette,Microsoft,$60.24,155,false
921,Scallops - 10/20,MKS,$25.79,73,false
922,Salmon - Sockeye Raw,Microsoft,$22.14,228,false
923,Truffle Shells - White Chocolate,Craft Ltd,$15.61,136,true
924,Chocolate - Feathers,Nestle,$93.58,102,true
925,Orange Roughy 4/6 Oz,MKS,$82.93,229,false
926,Cheese - Goat,Nestle,$68.14,117,false
927,Rum - Mount Gay Eclipes,Nestle,$74.08,85,true
928,Tea - Herbal I Love Lemon,Nestle,$10.44,202,false
929,Mousse - Mango,Microsoft,$73.99,217,false
930,"Leeks - Baby, White",Microsoft,$81.59,81,false
931,Skirt - 29 Foot,Microsoft,$39.58,175,true
932,"Pepper - White, Whole",MKS,$47.43,143,false
933,Cookies - Assorted,MKS,$86.99,103,true
934,Mince Meat - Filling,Nestle,$70.29,220,false
935,Squash - Acorn,MKS,$81.09,184,false
936,Chicken Giblets,MKS,$48.98,240,false
937,Cake - French Pear Tart,Microsoft,$17.04,239,false
938,Chicken - Whole Roasting,Microsoft,$66.93,103,false
939,Cheese - Camembert,MKS,$74.12,77,true
940,Soup - Campbells Pasta Fagioli,Craft Ltd,$62.13,116,false
941,Wine - Semi Dry Riesling Vineland,Nestle,$51.47,65,true
942,Wine - Ruffino Chianti Classico,Microsoft,$31.91,68,true
943,Cookie Dough - Double,Nestle,$86.59,132,true
944,Salmon Steak - Cohoe 8 Oz,Microsoft,$54.02,223,false
945,Sprite - 355 Ml,Microsoft,$49.34,151,true
946,Bacon Strip Precooked,Craft Ltd,$46.13,232,false
947,Anchovy In Oil,Microsoft,$39.94,196,true
948,Alize Gold Passion,MKS,$45.07,208,false
949,Cookie Dough - Peanut Butter,Craft Ltd,$38.03,201,true
950,Paper Towel Touchless,Nestle,$68.96,126,true
951,Sauce - Balsamic Viniagrette,Nestle,$15.92,250,true
952,Water - San Pellegrino,Microsoft,$53.19,213,false
953,Wine - Spumante Bambino White,Microsoft,$40.42,239,false
954,"Beans - Black Bean, Dry",MKS,$33.71,222,true
955,Tuna - Bluefin,Craft Ltd,$84.07,242,false
956,Bacardi Mojito,Microsoft,$86.52,245,false
957,Yoplait Drink,Microsoft,$38.41,183,true
958,Clementine,MKS,$22.75,112,true
959,Wine - Riesling Alsace Ac 2001,Nestle,$91.05,89,true
960,"Glass - Wine, Plastic, Clear 5 Oz",MKS,$69.10,67,false
961,Bread - Olive Dinner Roll,Nestle,$91.00,147,false
962,Juice - V8 Splash,Microsoft,$33.52,231,false
963,"Cheese - Woolwich Goat, Log",Craft Ltd,$94.64,225,true
964,Appetizer - Assorted Box,MKS,$96.62,50,false
965,Limes,MKS,$24.13,150,false
966,Sobe - Lizard Fuel,Microsoft,$27.46,103,true
967,Absolut Citron,MKS,$43.71,140,false
968,Flower - Potmums,Nestle,$26.09,235,true
969,Sambuca - Opal Nera,Craft Ltd,$31.98,180,false
970,Limes,MKS,$47.45,218,false
971,Juice - Happy Planet,MKS,$27.13,123,false
972,Chips - Assorted,Craft Ltd,$86.96,186,false
973,Table Cloth 62x114 Colour,MKS,$85.80,209,true
974,"Cheese - Mozzarella, Buffalo",Nestle,$37.61,147,false
975,Mushroom - Crimini,Craft Ltd,$10.97,118,true
976,"Soup - Campbells, Cream Of",Microsoft,$77.12,90,false
977,Sprouts Dikon,Microsoft,$52.79,143,true
978,Bread - White Epi Baguette,Microsoft,$92.07,134,true
979,Dried Figs,MKS,$64.33,50,true
980,Water - Tonic,Nestle,$18.64,162,true
981,Cheese - Gorgonzola,Nestle,$33.80,151,false
982,"Bread - Pumpernickle, Rounds",Nestle,$11.79,83,false
983,Yogurt - Assorted Pack,Craft Ltd,$97.02,164,true
984,Dikon,MKS,$35.16,54,true
985,Bacardi Breezer - Strawberry,Microsoft,$11.66,201,true
986,Lettuce - Iceberg,Craft Ltd,$20.36,220,false
987,Veal - Knuckle,Craft Ltd,$99.53,245,true
988,Sauce - Plum,Nestle,$66.00,59,true
989,"Juice - Pineapple, 48 Oz",MKS,$32.09,74,true
990,"Salmon - Whole, 4 - 6 Pounds",Microsoft,$95.68,172,false
991,Ice Cream - Vanilla,MKS,$53.85,71,false
992,Honey - Liquid,Nestle,$45.28,240,true
993,Chicken - Base,Nestle,$28.37,151,false
994,Melon - Honey Dew,Craft Ltd,$10.56,220,false
995,Cherries - Frozen,Microsoft,$50.78,208,false
996,Foil Wrap,Nestle,$80.45,123,false
997,"Carrots - Purple, Organic",Nestle,$14.08,53,true
998,Lid - 16 Oz And 32 Oz,MKS,$37.36,67,true
999,"Pepper - Paprika, Spanish",Craft Ltd,$11.65,232,true
1000,Isomalt,Craft Ltd,$89.56,69,true
